Name,Age,Action,Grade,Date
John,22,reduce the grade,14,2025-11-09 10:33:36
John,22,reduce the grade,14,2025-11-09 10:34:08
Mary,20,improve the grade,20,2025-11-09 10:34:08
John,22,reduce the grade,14,2025-11-09 10:37:45
Mary,20,improve the grade,20,2025-11-09 10:37:45
John,22,reduce the grade,14,2025-11-09 10:38:04
Mary,20,improve the grade,20,2025-11-09 10:38:04
John,22,reduce the grade,14,2025-11-09 10:38:25
Mary,20,improve the grade,20,2025-11-09 10:38:25
John,22,reduce the grade,14,2025-11-11 19:08:11
Mary,20,improve the grade,20,2025-11-11 19:08:11
John,22,reduce the grade,14,2025-11-11 19:17:07
Mary,20,improve the grade,20,2025-11-11 19:17:07
